{
    "errors": {
      "noMusicPlaying": "⛔ لا توجد موسيقى قيد التشغيل حاليًا.",
      "notAuthorized": "⛔ أنت غير مخول لاستخدام هذه الأدوات.",
      "volumeMax": "🔊 الصوت بالفعل في الحد الأقصى (100%).",
      "volumeMin": "🔉 الصوت بالفعل في الحد الأدنى (0%).",
      "musicAlreadyPaused": "⏸ المشغل متوقفة بالفعل.",
      "musicNotPaused": "▶️ المشغل ليست متوقفة.",
      "cannotPause": "⛔ | غير قادر على إيقاف المشغل.",
      "cannotResume": "⛔ | غير قادر على استئناف المشغل.",
      "cannotSkip": "⛔ | غير قادر على تخطي المشغل.",
      "cannotStop": "⛔ | غير قادر على إيقاف المشغل.",
      "cannotIncreaseVolume": "⛔ | غير قادر على زيادة الصوت.",
      "cannotDecreaseVolume": "⛔ | غير قادر على خفض الصوت.",
      "invalidSongNumber": "⛔ الرجاء تقديم رقم أغنية صالح بين 2 و {max}.",
      "cannotRemoveSong": "⛔ | غير قادر على إزالة المشغل المحددة.",
      "unableToDisplayQueue": "⛔ | غير قادر على عرض قائمة الانتظار.",
      "unableToDisplayNowPlaying": "⛔ | غير قادر على عرض المشغل الحالية.",
      "unableToClearQueue": "⛔ | غير قادر على مسح قائمة الانتظار.",
      "unableToCreateMusicCard": "⛔ حدث خطأ أثناء إنشاء بطاقة المشغل.",
      "unknownCommand": "❓ أمر غير معروف. الرجاء استخدام أمر صالح.",
      "unknownError": "⛔ حدث خطأ غير متوقع."
    },
    "commands": {
      "play": {
        "description": "تشغيل أغنية من YouTube أو منصة مدعومة.",
        "noQuery": "⛔ الرجاء تقديم اسم أغنية أو رابط لتشغيلها.",
        "requestReceived": "🔊 تم استلام الطلب. البوت يعالج طلبك."
      },
      "pause": {
        "description": "إيقاف المشغل قيد التشغيل حاليًا.",
        "paused": "⏸ تم إيقاف المشغل.",
        "alreadyPaused": "⏸ المشغل متوقفة بالفعل."
      },
      "resume": {
        "description": "استئناف المشغل المتوقفة.",
        "resumed": "▶️ تم استئناف المشغل.",
        "notPaused": "▶️ المشغل ليست متوقفة."
      },
      "skip": {
        "description": "تخطي المشغل قيد التشغيل حاليًا.",
        "skipped": "⏭️ تم تخطي المشغل.",
        "notEnoughSongs": "⚠️ ليست هناك ما يكفي من ال في قائمة الانتظار لتخطيها."
      },
      "stop": {
        "description": "إيقاف المشغل ومسح قائمة الانتظار.",
        "stopped": "⏹️ تم إيقاف المشغل ومسح قائمة الانتظار."
      },
      "volumeUp": {
        "description": "زيادة الصوت بنسبة 10%.",
        "increased": "🔊 تم زيادة الصوت إلى {volume}%."
      },
      "volumeDown": {
        "description": "خفض الصوت بنسبة 10%.",
        "decreased": "🔉 تم خفض الصوت إلى {volume}%."
      },
      "repeat": {
        "description": "تبديل وضع التكرار.",
        "repeatOff": "🔁 تم تعيين وضع التكرار إلى **إيقاف**.",
        "repeatSong": "🔁 تم تعيين وضع التكرار إلى **تكرار المشغل**.",
        "repeatQueue": "🔁 تم تعيين وضع التكرار إلى **تكرار قائمة الانتظار**."
      },
      "queue": {
        "description": "عرض قائمة الانتظار الموسيقية الحالية.",
        "currentQueue": "📜 قائمة الانتظار الحالية",
        "nowPlaying": "🔊 الآن يتم تشغيل:"
      },
      "nowplaying": {
        "description": "عرض المشغل الحالية قيد التشغيل.",
        "nowPlaying": "🔊 الآن يتم تشغيل",
        "title": "العنوان",
        "author": "المؤلف",
        "duration": "المدة",
        "progress": "التقدم",
        "volume": "الصوت",
        "loop": "التكرار",
        "progressPercentage": "نسبة التقدم",
        "requestedBy": "تم الطلب بواسطة"
      },
      "clear": {
        "description": "مسح قائمة الانتظار الموسيقية وإيقاف المشغل.",
        "cleared": "🧹 تم مسح قائمة الانتظار وإيقاف المشغل."
      },
      "remove": {
        "description": "إزالة أغنية محددة من قائمة الانتظار.",
        "removed": "🗑️ تم إزالة `{song}` من قائمة الانتظار."
      }
    },
    "events": {
      "playSong": "🔊 الآن يتم تشغيل: {song} | تم الطلب بواسطة: {user}",
      "addSong": "🔊 تم إضافة `{song}` - `{duration}` إلى قائمة الانتظار بواسطة {user}",
      "addList": "🔊 تم إضافة قائمة التشغيل `{playlist}` ({count} ) إلى قائمة الانتظار\nالصوت: `{volume}%` | التكرار: `{loop}`",
      "empty": "⛔ قناة الصوت فارغة! يغادر البوت القناة...",
      "finish": "🏁 انتهت قائمة الانتظار!",
      "error": "⛔ حدث خطأ: {error}",
      "searchNoResult": "⛔ لم يتم العثور على نتائج لـ `{query}`!"
    },
    "buttons": {
      "pause": "⏸ إيقاف",
      "resume": "▶️ استئناف",
      "skip": "⏭️ تخطي",
      "stop": "⏹️ إيقاف",
      "volumeUp": "🔊 زيادة الصوت",
      "volumeDown": "🔉 خفض الصوت",
      "repeat": "🔁 تكرار",
      "open": "🔗 فتح"
    },
    "misc": {
      "unknownError": "⛔ حدث خطأ غير متوقع."
    }
  }